<ImportExportXml xmlns:xsi="http://www.w3.org/2001/XMLSchema-instance">
  <Entities></Entities>
  <Roles></Roles>
  <Workflows>
    <Workflow WorkflowId="{1cb16fea-bbb5-4216-baa7-468aaa8f9ad3}" Name="Get Localization">
      <XamlFileName>/Workflows/GetLocalization-1CB16FEA-BBB5-4216-BAA7-468AAA8F9AD3.xaml</XamlFileName>
      <Type>1</Type>
      <Subprocess>0</Subprocess>
      <Category>3</Category>
      <Mode>0</Mode>
      <Scope>4</Scope>
      <OnDemand>0</OnDemand>
      <TriggerOnCreate>0</TriggerOnCreate>
      <TriggerOnDelete>0</TriggerOnDelete>
      <AsyncAutodelete>0</AsyncAutodelete>
      <SyncWorkflowLogOnFailure>1</SyncWorkflowLogOnFailure>
      <StateCode>1</StateCode>
      <StatusCode>2</StatusCode>
      <CreateStage>40</CreateStage>
      <RunAs>1</RunAs>
      <SdkMessageId>{7fc47063-48ff-e811-a94c-000d3a1d52e7}</SdkMessageId>
      <UniqueName>GetLocalization</UniqueName>
      <IsTransacted>1</IsTransacted>
      <IntroducedVersion>1.0.0.0</IntroducedVersion>
      <IsCustomizable>1</IsCustomizable>
      <FormId>{00000000-0000-0000-0000-000000000000}</FormId>
      <PrimaryEntity>none</PrimaryEntity>
      <LocalizedNames>
        <LocalizedName languagecode="1033" description="Get Localization" />
      </LocalizedNames>
    </Workflow>
  </Workflows>
  <FieldSecurityProfiles></FieldSecurityProfiles>
  <Templates />
  <EntityMaps />
  <EntityRelationships />
  <OrganizationSettings />
  <optionsets />
  <WebResources>
    <WebResource>
      <WebResourceId>{18021ec6-6e02-e911-a94c-000d3a1d58e9}</WebResourceId>
      <Name>ab_/HtmlLocalization.js</Name>
      <DisplayName>HtmlLocalization.js</DisplayName>
      <WebResourceType>3</WebResourceType>
      <IntroducedVersion>1.0.0.0</IntroducedVersion>
      <IsEnabledForMobileClient>0</IsEnabledForMobileClient>
      <IsAvailableForMobileOffline>0</IsAvailableForMobileOffline>
      <DependencyXml>&lt;Dependencies&gt;&lt;Dependency componentType="WebResource"/&gt;&lt;/Dependencies&gt;</DependencyXml>
      <IsCustomizable>1</IsCustomizable>
      <CanBeDeleted>1</CanBeDeleted>
      <IsHidden>0</IsHidden>
      <FileName>/WebResources/ab_HtmlLocalizationjs18021EC6-6E02-E911-A94C-000D3A1D58E9</FileName>
    </WebResource>
  </WebResources>
  <CustomControls />
  <SolutionPluginAssemblies>
    <PluginAssembly FullName="AB.HtmlLocalization.Plugins, Version=1.0.0.0, Culture=neutral, PublicKeyToken=d65186d12ec41411" PluginAssemblyId="1ebaa346-46ed-40a8-b9a4-7f813a815a44" CustomizationLevel="1">
      <IsolationMode>2</IsolationMode>
      <SourceType>0</SourceType>
      <IntroducedVersion>1.0</IntroducedVersion>
      <FileName>/PluginAssemblies/ABHtmlLocalizationPlugins-1EBAA346-46ED-40A8-B9A4-7F813A815A44/ABHtmlLocalizationPlugins.dll</FileName>
      <PluginTypes>
        <PluginType AssemblyQualifiedName="AB.HtmlLocalization.Plugins.GetLocalizations, AB.HtmlLocalization.Plugins, Version=1.0.0.0, Culture=neutral, PublicKeyToken=d65186d12ec41411" PluginTypeId="fb0e640f-2f66-4018-86fb-0f43bf774446" Name="AB.HtmlLocalization.Plugins.GetLocalizations">
          <FriendlyName>0a2e45b0-66c2-49ac-8e30-b171cb9dbeff</FriendlyName>
        </PluginType>
      </PluginTypes>
    </PluginAssembly>
  </SolutionPluginAssemblies>
  <SdkMessageProcessingSteps>
    <SdkMessageProcessingStep Name="AB.HtmlLocalization.Plugins.GetLocalizations: ab_GetLocalization of any Entity" SdkMessageProcessingStepId="{fcaed88a-6d02-e911-a94c-000d3a1d5d5a}">
      <PluginTypeName>AB.HtmlLocalization.Plugins.GetLocalizations, AB.HtmlLocalization.Plugins, Version=1.0.0.0, Culture=neutral, PublicKeyToken=d65186d12ec41411</PluginTypeName>
      <PluginTypeId>fb0e640f-2f66-4018-86fb-0f43bf774446</PluginTypeId>
      <AsyncAutoDelete>0</AsyncAutoDelete>
      <Description>AB.HtmlLocalization.Plugins.GetLocalizations: ab_GetLocalization of any Entity</Description>
      <FilteringAttributes></FilteringAttributes>
      <InvocationSource>0</InvocationSource>
      <Mode>0</Mode>
      <Rank>1</Rank>
      <SdkMessageId>{7fc47063-48ff-e811-a94c-000d3a1d52e7}</SdkMessageId>
      <EventHandlerTypeCode>4602</EventHandlerTypeCode>
      <Stage>40</Stage>
      <IsCustomizable>1</IsCustomizable>
      <IsHidden>0</IsHidden>
      <SupportedDeployment>0</SupportedDeployment>
      <IntroducedVersion>1.0</IntroducedVersion>
      <SdkMessageProcessingStepImages />
    </SdkMessageProcessingStep>
  </SdkMessageProcessingSteps>
  <EntityDataProviders />
  <Languages>
    <Language>1033</Language>
  </Languages>
</ImportExportXml>