<ImportExportXml xmlns:xsi="http://www.w3.org/2001/XMLSchema-instance">
  <Entities></Entities>
  <Roles></Roles>
  <Workflows>
    <Workflow WorkflowId="{f5568210-ca0f-4e33-ba80-f555f1cf8f89}" Name="Get Localization">
      <XamlFileName>/Workflows/GetLocalization-F5568210-CA0F-4E33-BA80-F555F1CF8F89.xaml</XamlFileName>
      <Type>1</Type>
      <Subprocess>0</Subprocess>
      <Category>3</Category>
      <Mode>0</Mode>
      <Scope>4</Scope>
      <OnDemand>0</OnDemand>
      <TriggerOnCreate>0</TriggerOnCreate>
      <TriggerOnDelete>0</TriggerOnDelete>
      <AsyncAutodelete>0</AsyncAutodelete>
      <SyncWorkflowLogOnFailure>1</SyncWorkflowLogOnFailure>
      <StateCode>1</StateCode>
      <StatusCode>2</StatusCode>
      <CreateStage>40</CreateStage>
      <RunAs>1</RunAs>
      <SdkMessageId>{33e888d9-d1a4-e911-a82d-000d3a182556}</SdkMessageId>
      <UniqueName>GetLocalization</UniqueName>
      <IsTransacted>1</IsTransacted>
      <IntroducedVersion>2.0.0.0</IntroducedVersion>
      <IsCustomizable>1</IsCustomizable>
      <FormId>{00000000-0000-0000-0000-000000000000}</FormId>
      <PrimaryEntity>none</PrimaryEntity>
      <LocalizedNames>
        <LocalizedName languagecode="1033" description="Get Localization" />
      </LocalizedNames>
    </Workflow>
  </Workflows>
  <FieldSecurityProfiles></FieldSecurityProfiles>
  <Templates />
  <EntityMaps />
  <EntityRelationships />
  <OrganizationSettings />
  <optionsets />
  <WebResources>
    <WebResource>
      <WebResourceId>{d466ca7e-d1a4-e911-a81b-000d3a18280a}</WebResourceId>
      <Name>ab_/HtmlLocalization.js</Name>
      <DisplayName>HtmlLocalization.js</DisplayName>
      <WebResourceType>3</WebResourceType>
      <IntroducedVersion>1.0</IntroducedVersion>
      <IsEnabledForMobileClient>0</IsEnabledForMobileClient>
      <IsAvailableForMobileOffline>0</IsAvailableForMobileOffline>
      <IsCustomizable>1</IsCustomizable>
      <CanBeDeleted>1</CanBeDeleted>
      <IsHidden>0</IsHidden>
      <FileName>/WebResources/ab_HtmlLocalizationjsD466CA7E-D1A4-E911-A81B-000D3A18280A</FileName>
    </WebResource>
  </WebResources>
  <CustomControls />
  <SolutionPluginAssemblies>
    <PluginAssembly FullName="AB.HtmlLocalization.Plugins, Version=1.0.0.0, Culture=neutral, PublicKeyToken=d65186d12ec41411" PluginAssemblyId="49fada1a-fdb9-4150-b78a-dbb44c614649" CustomizationLevel="1">
      <IsolationMode>2</IsolationMode>
      <SourceType>0</SourceType>
      <IntroducedVersion>1.0</IntroducedVersion>
      <FileName>/PluginAssemblies/ABHtmlLocalizationPlugins-49FADA1A-FDB9-4150-B78A-DBB44C614649/ABHtmlLocalizationPlugins.dll</FileName>
      <PluginTypes>
        <PluginType AssemblyQualifiedName="AB.HtmlLocalization.Plugins.GetLocalizations, AB.HtmlLocalization.Plugins, Version=1.0.0.0, Culture=neutral, PublicKeyToken=d65186d12ec41411" PluginTypeId="6688dec0-cbe2-46b1-b743-ec0ec7aadfd4" Name="AB.HtmlLocalization.Plugins.GetLocalizations">
          <FriendlyName>ca6fcad6-7592-4142-81ae-3546d87534e6</FriendlyName>
        </PluginType>
      </PluginTypes>
    </PluginAssembly>
  </SolutionPluginAssemblies>
  <SdkMessageProcessingSteps>
    <SdkMessageProcessingStep Name="AB.HtmlLocalization.Plugins.GetLocalizations: ab_GetLocalization of any Entity" SdkMessageProcessingStepId="{c15faf8e-d2a4-e911-a81b-000d3a18280a}">
      <PluginTypeName>AB.HtmlLocalization.Plugins.GetLocalizations, AB.HtmlLocalization.Plugins, Version=1.0.0.0, Culture=neutral, PublicKeyToken=d65186d12ec41411</PluginTypeName>
      <PluginTypeId>6688dec0-cbe2-46b1-b743-ec0ec7aadfd4</PluginTypeId>
      <AsyncAutoDelete>0</AsyncAutoDelete>
      <Description>AB.HtmlLocalization.Plugins.GetLocalizations: ab_GetLocalization of any Entity</Description>
      <FilteringAttributes></FilteringAttributes>
      <InvocationSource>0</InvocationSource>
      <Mode>0</Mode>
      <Rank>1</Rank>
      <SdkMessageId>{33e888d9-d1a4-e911-a82d-000d3a182556}</SdkMessageId>
      <EventHandlerTypeCode>4602</EventHandlerTypeCode>
      <Stage>40</Stage>
      <IsCustomizable>1</IsCustomizable>
      <IsHidden>0</IsHidden>
      <SupportedDeployment>0</SupportedDeployment>
      <IntroducedVersion>1.0</IntroducedVersion>
      <SdkMessageProcessingStepImages />
    </SdkMessageProcessingStep>
  </SdkMessageProcessingSteps>
  <EntityDataProviders />
  <Languages>
    <Language>1033</Language>
  </Languages>
</ImportExportXml>